ID,product_ID,order_ID,quantity,createdAt,createdBy,modifiedAt,modifiedBy
c5a7d9e1-2b4c-4f8d-9d11-1a2b3c4d5e6f,a1000001-0000-4000-8000-000000000001,8f6b3c12-4d8a-4ac3-a5e1-9c7b5d21ef11,2,2026-09-30T00:00:00.000Z,Admin,2026-09-30T00:00:00.000Z,Admin
b1d2e3f4-5a6b-4c7d-8e9f-0a1b2c3d4e5f,a1000005-0000-4000-8000-000000000005,8f6b3c12-4d8a-4ac3-a5e1-9c7b5d21ef11,1,2026-09-30T00:00:00.000Z,Admin,2026-09-30T00:00:00.000Z,Admin
a7b8c9d0-1e2f-4a3b-8c7d-6e5f4a3b2c1d,a1000010-0000-4000-8000-000000000010,8f6b3c12-4d8a-4ac3-a5e1-9c7b5d21ef11,1,2026-09-30T00:00:00.000Z,Admin,2026-09-30T00:00:00.000Z,Admin
f2a3b4c5-6d7e-4f8a-9b0c-1d2e3f4a5b6c,a1000008-0000-4000-8000-000000000008,2adf91ae-cc5a-4d5f-b0a3-fbe4c348a9b6,3,2026-09-30T00:00:00.000Z,Admin,2026-09-30T00:00:00.000Z,Admin
7d91e0f0-8a46-4f60-bb17-6e5d9c7d6f40,a1000011-0000-4000-8000-000000000011,2adf91ae-cc5a-4d5f-b0a3-fbe4c348a9b6,2,2026-09-30T00:00:00.000Z,Admin,2026-09-30T00:00:00.000Z,Admin
2b4d6f8a-0c1e-4a2b-8d7c-5e4f3a2b1c0d,a1000017-0000-4000-8000-000000000017,2adf91ae-cc5a-4d5f-b0a3-fbe4c348a9b6,1,2026-09-30T00:00:00.000Z,Admin,2026-09-30T00:00:00.000Z,Admin
11aa22bb-33cc-44dd-55ee-66778899aabb,a1000012-0000-4000-8000-000000000012,7d91e0f0-8a46-4f60-bb17-6e5d9c7d6f40,1,2026-09-30T00:00:00.000Z,Admin,2026-09-30T00:00:00.000Z,Admin
22bb33cc-44dd-55ee-66ff-77889900aabb,a1000015-0000-4000-8000-000000000015,7d91e0f0-8a46-4f60-bb17-6e5d9c7d6f40,2,2026-09-30T00:00:00.000Z,Admin,2026-09-30T00:00:00.000Z,Admin
33cc44dd-55ee-66ff-77aa-88990011bbcc,a1000019-0000-4000-8000-000000000019,7d91e0f0-8a46-4f60-bb17-6e5d9c7d6f40,1,2026-09-30T00:00:00.000Z,Admin,2026-09-30T00:00:00.000Z,Admin
