ID,name,descr,price,size,currency_code,stock,supplier_ID,category_ID,createdAt,createdBy,modifiedAt,modifiedBy
a1000001-0000-4000-8000-000000000001,Golden Hour Lager,Crisp golden lager with a clean malt finish,4.50,0.50,USD,120,2f3d4c5b-6a79-4d8e-9f01-23456789abcd,4c8a87d2-3d11-4e6b-9a52-1c7f0b8e6d43,2026-09-30T00:00:00.000Z,luka,2026-09-30T00:00:00.000Z,luka
a1000002-0000-4000-8000-000000000002,Alpine Pale Ale,Floral pale ale with citrus and light pine notes,3.80,0.33,EUR,85,8a1b2c3d-4e5f-4678-9012-bcdef1234567,4c8a87d2-3d11-4e6b-9a52-1c7f0b8e6d43,2026-09-30T00:00:00.000Z,luka,2026-09-30T00:00:00.000Z,luka
a1000003-0000-4000-8000-000000000003,Harbour Amber Ale,Toasty amber ale with caramel malt character,6.50,0.50,GEL,64,2f3d4c5b-6a79-4d8e-9f01-23456789abcd,4c8a87d2-3d11-4e6b-9a52-1c7f0b8e6d43,2026-09-30T00:00:00.000Z,luka,2026-09-30T00:00:00.000Z,luka
a1000004-0000-4000-8000-000000000004,Hazy Orchard IPA,Juicy India pale ale with tropical fruit aromas,5.25,0.44,USD,48,8a1b2c3d-4e5f-4678-9012-bcdef1234567,4c8a87d2-3d11-4e6b-9a52-1c7f0b8e6d43,2026-09-30T00:00:00.000Z,luka,2026-09-30T00:00:00.000Z,luka
a1000005-0000-4000-8000-000000000005,Crimson Valley Red Blend,Fruity red wine with soft tannins and a dry finish,14.90,0.75,EUR,36,2f3d4c5b-6a79-4d8e-9f01-23456789abcd,9f2b6c14-7a35-48d0-b861-5e3a4c9d207f,2026-09-30T00:00:00.000Z,luka,2026-09-30T00:00:00.000Z,luka
a1000006-0000-4000-8000-000000000006,Stone Terrace Chardonnay,Dry white wine with apple and citrus notes,17.50,0.75,USD,29,8a1b2c3d-4e5f-4678-9012-bcdef1234567,9f2b6c14-7a35-48d0-b861-5e3a4c9d207f,2026-09-30T00:00:00.000Z,luka,2026-09-30T00:00:00.000Z,luka
a1000007-0000-4000-8000-000000000007,Rose Quartz Rose,Light-bodied rose with strawberry and melon aromas,22.00,0.75,GEL,41,2f3d4c5b-6a79-4d8e-9f01-23456789abcd,9f2b6c14-7a35-48d0-b861-5e3a4c9d207f,2026-09-30T00:00:00.000Z,luka,2026-09-30T00:00:00.000Z,luka
a1000008-0000-4000-8000-000000000008,Wild Orchard Cider,Refreshing apple cider with a balanced dry finish,3.20,0.33,EUR,92,8a1b2c3d-4e5f-4678-9012-bcdef1234567,3a7d1f28-6b94-42ce-8d05-1f6a9b3c7e42,2026-09-30T00:00:00.000Z,luka,2026-09-30T00:00:00.000Z,luka
a1000009-0000-4000-8000-000000000009,Autumn Spice Cider,Apple cider infused with warming seasonal spice,4.75,0.50,USD,57,2f3d4c5b-6a79-4d8e-9f01-23456789abcd,3a7d1f28-6b94-42ce-8d05-1f6a9b3c7e42,2026-09-30T00:00:00.000Z,luka,2026-09-30T00:00:00.000Z,luka
a1000010-0000-4000-8000-000000000010,Highland Oak Whiskey,Rich whiskey with notes of vanilla and toasted oak,38.00,0.70,USD,24,8a1b2c3d-4e5f-4678-9012-bcdef1234567,6e2c9a51-4d83-47b0-a126-9f5c3d8e7014,2026-09-30T00:00:00.000Z,luka,2026-09-30T00:00:00.000Z,luka
a1000011-0000-4000-8000-000000000011,Smoky Ridge Whiskey,Peated whiskey with a dry smoky finish,46.50,0.70,EUR,18,2f3d4c5b-6a79-4d8e-9f01-23456789abcd,6e2c9a51-4d83-47b0-a126-9f5c3d8e7014,2026-09-30T00:00:00.000Z,luka,2026-09-30T00:00:00.000Z,luka
a1000012-0000-4000-8000-000000000012,Barrel Reserve Whiskey,Small-batch whiskey aged for a smooth warm finish,52.00,0.70,GEL,15,8a1b2c3d-4e5f-4678-9012-bcdef1234567,6e2c9a51-4d83-47b0-a126-9f5c3d8e7014,2026-09-30T00:00:00.000Z,luka,2026-09-30T00:00:00.000Z,luka
a1000013-0000-4000-8000-000000000013,Clearwater Vodka,Clean neutral vodka with a smooth finish,19.00,0.70,USD,33,2f3d4c5b-6a79-4d8e-9f01-23456789abcd,1b5e8d37-9c42-46af-b013-7d2a6e4f8905,2026-09-30T00:00:00.000Z,luka,2026-09-30T00:00:00.000Z,luka
a1000014-0000-4000-8000-000000000014,Silver Birch Vodka,Filtered vodka with a crisp and delicate character,21.50,0.70,EUR,27,8a1b2c3d-4e5f-4678-9012-bcdef1234567,1b5e8d37-9c42-46af-b013-7d2a6e4f8905,2026-09-30T00:00:00.000Z,luka,2026-09-30T00:00:00.000Z,luka
a1000015-0000-4000-8000-000000000015,Golden Coast Rum,Golden rum with caramel and gentle spice notes,23.75,0.70,GEL,31,2f3d4c5b-6a79-4d8e-9f01-23456789abcd,8d4f2a63-1c75-49e8-b307-5a9d6f2c1840,2026-09-30T00:00:00.000Z,luka,2026-09-30T00:00:00.000Z,luka
a1000016-0000-4000-8000-000000000016,Dark Harbour Rum,Full-bodied dark rum with molasses and spice notes,28.00,0.70,USD,22,8a1b2c3d-4e5f-4678-9012-bcdef1234567,8d4f2a63-1c75-49e8-b307-5a9d6f2c1840,2026-09-30T00:00:00.000Z,luka,2026-09-30T00:00:00.000Z,luka
a1000017-0000-4000-8000-000000000017,Almond Grove Liqueur,Sweet almond liqueur with a warm aromatic profile,18.50,0.50,EUR,39,2f3d4c5b-6a79-4d8e-9f01-23456789abcd,5c0b7e91-3a64-4fd2-8e16-2b7d9c5a4308,2026-09-30T00:00:00.000Z,luka,2026-09-30T00:00:00.000Z,luka
a1000018-0000-4000-8000-000000000018,Wild Berry Liqueur,Fruit liqueur with ripe berry flavor and a bright finish,16.00,0.50,USD,45,8a1b2c3d-4e5f-4678-9012-bcdef1234567,5c0b7e91-3a64-4fd2-8e16-2b7d9c5a4308,2026-09-30T00:00:00.000Z,luka,2026-09-30T00:00:00.000Z,luka
a1000019-0000-4000-8000-000000000019,Coffee Cream Liqueur,Cream liqueur with roasted coffee and cocoa notes,17.25,0.50,GEL,34,2f3d4c5b-6a79-4d8e-9f01-23456789abcd,5c0b7e91-3a64-4fd2-8e16-2b7d9c5a4308,2026-09-30T00:00:00.000Z,luka,2026-09-30T00:00:00.000Z,luka
a1000020-0000-4000-8000-000000000020,Citrus Herb Liqueur,Herbal liqueur with bright citrus peel aromas,20.50,0.50,EUR,26,8a1b2c3d-4e5f-4678-9012-bcdef1234567,5c0b7e91-3a64-4fd2-8e16-2b7d9c5a4308,2026-09-30T00:00:00.000Z,luka,2026-09-30T00:00:00.000Z,luka
